,county,state,year,population,pop_percent_change,fatalities,county_hospitals,intensity
0,Abiemnhom,Unity,2011,19393.0,0.0,,,
1,Akobo,Jonglei,2011,157474.0,0.0,1.0,2.0,0.06350254645211273
2,Aweil Centre,Northern Bahr el Ghazal,2011,49174.0,0.0,,,
3,Aweil East,Northern Bahr el Ghazal,2011,353806.0,0.0,,,
4,Aweil North,Northern Bahr el Ghazal,2011,146303.0,0.0,,,
5,Aweil South,Northern Bahr el Ghazal,2011,88968.0,0.0,,,
6,Aweil West,Northern Bahr el Ghazal,2011,192775.0,0.0,91.0,10.0,4.720529114252367
7,Awerial,Lakes,2011,54304.0,0.0,,,
8,Ayod,Jonglei,2011,160224.0,0.0,3.0,5.0,0.1872378669862193
9,Baliet,Upper Nile,2011,55185.0,0.0,157.0,1.0,28.44975989852315
10,Bor South,Jonglei,2011,254833.0,0.0,,,
11,Budi,Eastern Equatoria,2011,112472.0,0.0,,,
12,Canal/Pigi,Jonglei,2011,113996.0,0.0,,,
13,Cueibet,Lakes,2011,135731.0,0.0,,,
14,Duk,Jonglei,2011,75510.0,0.0,1.0,3.0,0.13243279035889285
15,Ezo,Western Equatoria,2011,88703.0,0.0,,,
16,Fangak,Jonglei,2011,126285.0,0.0,,,
17,Fashoda,Upper Nile,2011,41827.0,0.0,,,
18,Gogrial East,Warrap,2011,119998.0,0.0,,,
19,Gogrial West,Warrap,2011,277400.0,0.0,,,
20,Guit,Unity,2011,38669.0,0.0,,,
21,Ibba,Western Equatoria,2011,48029.0,0.0,,,
22,Ikotos,Eastern Equatoria,2011,96712.0,0.0,,,
23,Juba,Central Equatoria,2011,427675.0,0.0,0.0,31.0,0.0
24,Jur River,Western Bahr el Ghazal,2011,147187.0,0.0,,,
25,Kajo-keji,Central Equatoria,2011,225423.0,0.0,,,
26,Kapoeta East,Eastern Equatoria,2011,208329.0,0.0,,,
27,Kapoeta North,Eastern Equatoria,2011,117577.0,0.0,,,
28,Kapoeta South,Eastern Equatoria,2011,91634.0,0.0,,,
29,Koch,Unity,2011,83821.0,0.0,,,
30,Lafon,Eastern Equatoria,2011,121194.0,0.0,,,
31,Lainya,Central Equatoria,2011,102702.0,0.0,,,
32,Leer,Unity,2011,61624.0,0.0,,,
33,Longochuk,Upper Nile,2011,72816.0,0.0,,,
34,Luakpiny/Nasir,Upper Nile,2011,241638.0,0.0,,,
35,Maban,Upper Nile,2011,52393.0,0.0,,,
36,Magwi,Eastern Equatoria,2011,192396.0,0.0,,,
37,Maiwut,Upper Nile,2011,90542.0,0.0,,,
38,Malakal,Upper Nile,2011,145651.0,0.0,,,
39,Manyo,Upper Nile,2011,44965.0,0.0,157.0,4.0,34.916045813410435
40,Maridi,Western Equatoria,2011,94480.0,0.0,,,
41,Mayendit,Unity,2011,63679.0,0.0,,,
42,Mayom,Unity,2011,138494.0,0.0,95.0,3.0,6.85950293875547
43,Melut,Upper Nile,2011,56391.0,0.0,,,
44,Morobo,Central Equatoria,2011,116517.0,0.0,2.0,3.0,0.17164877228215625
45,Mundri East,Western Equatoria,2011,55635.0,0.0,0.0,5.0,0.0
46,Mundri West,Western Equatoria,2011,38743.0,0.0,,,
47,Mvolo,Western Equatoria,2011,55412.0,0.0,,,
48,Nagero,Western Equatoria,2011,11509.0,0.0,,,
49,Nyirol,Jonglei,2011,124604.0,0.0,,,
50,Nzara,Western Equatoria,2011,75399.0,0.0,,,
51,Panyijiar,Unity,2011,58250.0,0.0,,,
52,Panyikang,Upper Nile,2011,52275.0,0.0,,,
53,Pariang,Unity,2011,95233.0,0.0,0.0,2.0,0.0
54,Pibor,Jonglei,2011,171159.0,0.0,180.0,3.0,10.516537254833226
55,Pochalla,Jonglei,2011,72005.0,0.0,,,
56,Raga,Western Bahr el Ghazal,2011,54000.0,0.0,,,
57,Renk,Upper Nile,2011,157397.0,0.0,,,
58,Rubkona,Unity,2011,114464.0,0.0,2.0,8.0,0.174727425216662
59,Rumbek Centre,Lakes,2011,176247.0,0.0,,,
60,Rumbek East,Lakes,2011,138746.0,0.0,,,
61,Rumbek North,Lakes,2011,50027.0,0.0,,,
62,Tambura,Western Equatoria,2011,61429.0,0.0,,,
63,Terekeka,Central Equatoria,2011,161675.0,0.0,,,
64,Tonj East,Warrap,2011,133808.0,0.0,,,
65,Tonj North,Warrap,2011,188907.0,0.0,,,
66,Tonj South,Warrap,2011,99998.0,0.0,,,
67,Torit,Eastern Equatoria,2011,114965.0,0.0,,,
68,Twic,Warrap,2011,235756.0,0.0,,,
69,Twic East,Jonglei,2011,97806.0,0.0,,,
70,Ulang,Upper Nile,2011,101644.0,0.0,,,
71,Uror,Jonglei,2011,205686.0,0.0,1832.0,1.0,89.0678023783826
72,Wau,Western Bahr el Ghazal,2011,174346.0,0.0,0.0,18.0,0.0
73,Wulu,Lakes,2011,48154.0,0.0,,,
74,Yambio,Western Equatoria,2011,174817.0,0.0,0.0,9.0,0.0
75,Yei,Central Equatoria,2011,231202.0,0.0,,,
76,Yirol East,Lakes,2011,76659.0,0.0,,,
77,Yirol West,Lakes,2011,121166.0,0.0,,,
78,,TOTALS:,2011,9434022.0,0.0,,,
79,Abiemnhom,Unity,2012,21754.0,0.1085317642732371,7.0,2.0,3.2177990254665807
80,Akobo,Jonglei,2012,176578.0,0.10819014826309054,98.0,2.0,5.549955260564737
81,Aweil Centre,Northern Bahr el Ghazal,2012,55547.0,0.11473166867697625,,,
82,Aweil East,Northern Bahr el Ghazal,2012,398384.0,0.11189706413912205,15.0,6.0,0.37652114542752724
83,Aweil North,Northern Bahr el Ghazal,2012,164515.0,0.11070115187065009,1.0,2.0,0.06078473087560404
84,Aweil South,Northern Bahr el Ghazal,2012,96885.0,0.08171543582597926,,,
85,Aweil West,Northern Bahr el Ghazal,2012,216977.0,0.11154177631730552,28.0,10.0,1.2904593574434158
86,Awerial,Lakes,2012,61085.0,0.11100924940656462,,,
87,Ayod,Jonglei,2012,180291.0,0.1113033928482287,,,
88,Baliet,Upper Nile,2012,62144.0,0.11198184860968075,0.0,1.0,0.0
89,Bor South,Jonglei,2012,286742.0,0.1112812214464571,,,
90,Budi,Eastern Equatoria,2012,126546.0,0.1112164746416323,,,
91,Canal/Pigi,Jonglei,2012,128252.99999999999,0.11116309170155854,,,
92,Cueibet,Lakes,2012,152721.0,0.11124861675866449,16.0,4.0,1.0476620765971936
93,Duk,Jonglei,2012,84968.0,0.11131249411543169,88.0,3.0,10.3568402222013
94,Ezo,Western Equatoria,2012,99557.0,0.10902297176491858,,,
95,Fangak,Jonglei,2012,142104.0,0.1113198783989191,,,
96,Fashoda,Upper Nile,2012,47046.0,0.11093397950941632,0.0,4.0,0.0
97,Gogrial East,Warrap,2012,135036.0,0.11136289582037383,,,
98,Gogrial West,Warrap,2012,315068.0,0.1195551436515292,0.0,8.0,0.0
99,Guit,Unity,2012,43510.0,0.11126177890140197,,,
100,Ibba,Western Equatoria,2012,54036.0,0.11116662965430454,,,
101,Ikotos,Eastern Equatoria,2012,108840.0,0.11142962146269754,,,
102,Juba,Central Equatoria,2012,481255.0,0.11133390821913539,8.0,31.0,0.16623203914764523
103,Jur River,Western Bahr el Ghazal,2012,165585.0,0.11110909804632062,,,
104,Kajo-keji,Central Equatoria,2012,253671.0,0.11135683621698972,,,
105,Kapoeta East,Eastern Equatoria,2012,230469.0,0.09606498053968213,1.0,6.0,0.04338978344159084
106,Kapoeta North,Eastern Equatoria,2012,132319.0,0.11141257113490882,,,
107,Kapoeta South,Eastern Equatoria,2012,103096.0,0.11117793124854504,,,
108,Koch,Unity,2012,94205.0,0.11022769492065176,,,
109,Lafon,Eastern Equatoria,2012,136475.0,0.1119692251328082,,,
110,Lainya,Central Equatoria,2012,115549.0,0.1111822689941064,,,
111,Leer,Unity,2012,69343.0,0.11131621072062069,,,
112,Longochuk,Upper Nile,2012,81974.0,0.11171834972064314,,,
113,Luakpiny/Nasir,Upper Nile,2012,271871.0,0.11120347517756583,,,
114,Maban,Upper Nile,2012,58958.0,0.11135045286475118,,,
115,Magwi,Eastern Equatoria,2012,216417.0,0.110994053147396,0.0,16.0,0.0
116,Maiwut,Upper Nile,2012,100381.0,0.09801655691814187,0.0,3.0,0.0
117,Malakal,Upper Nile,2012,163885.0,0.11126094517497025,21.0,14.0,1.2813863379809012
118,Manyo,Upper Nile,2012,50368.0,0.10727048919949174,0.0,4.0,0.0
119,Maridi,Western Equatoria,2012,106293.0,0.11113619899711176,,,
120,Mayendit,Unity,2012,71746.0,0.11243832408775402,,,
121,Mayom,Unity,2012,155843.0,0.11132357564985274,2.0,3.0,0.12833428514594816
122,Melut,Upper Nile,2012,63385.0,0.11034156346138677,0.0,2.0,0.0
123,Morobo,Central Equatoria,2012,129327.0,0.09905124220000464,,,
124,Mundri East,Western Equatoria,2012,62599.0,0.1112477835109187,,,
125,Mundri West,Western Equatoria,2012,43601.0,0.11141946285635651,,,
126,Mvolo,Western Equatoria,2012,62336.0,0.11107546201232033,,,
127,Nagero,Western Equatoria,2012,12952.0,0.11141136504014824,,,
128,Nyirol,Jonglei,2012,140200.0,0.11124108416547789,38.0,2.0,2.710413694721826
129,Nzara,Western Equatoria,2012,84792.0,0.11077696009057458,,,
130,Panyijiar,Unity,2012,65548.0,0.1113382559345823,,,
131,Panyikang,Upper Nile,2012,58800.0,0.11096938775510204,0.0,4.0,0.0
132,Pariang,Unity,2012,107082.0,0.11065351786481388,30.0,2.0,2.801591303860593
133,Pibor,Jonglei,2012,192334.0,0.11009493901234312,3188.0,3.0,165.7533249451475
134,Pochalla,Jonglei,2012,80749.0,0.10828617072657247,,,
135,Raga,Western Bahr el Ghazal,2012,62164.0,0.13133003024258413,,,
136,Renk,Upper Nile,2012,177361.0,0.1125613860995371,43.0,7.0,2.4244337819475534
137,Rubkona,Unity,2012,128800.99999999999,0.11131124758348139,259.0,8.0,20.108539529972596
138,Rumbek Centre,Lakes,2012,198303.0,0.11122373337770987,19.0,6.0,0.9581297307655456
139,Rumbek East,Lakes,2012,156131.0,0.1113488032485541,,,
140,Rumbek North,Lakes,2012,56297.0,0.11137360782990213,,,
141,Tambura,Western Equatoria,2012,69040.0,0.1102404403244496,,,
142,Terekeka,Central Equatoria,2012,181935.0,0.11135845219446505,,,
143,Tonj East,Warrap,2012,150542.0,0.11115834783648416,,,
144,Tonj North,Warrap,2012,212571.0,0.11132280508630057,40.0,6.0,1.8817242239063654
145,Tonj South,Warrap,2012,112512.0,0.11122369169510808,112.0,3.0,9.954493742889646
146,Torit,Eastern Equatoria,2012,129259.99999999999,0.11059105678477477,1.0,8.0,0.07736345350456446
147,Twic,Warrap,2012,264878.0,0.10994495579096791,,,
148,Twic East,Jonglei,2012,110053.0,0.11128274558621755,14.0,2.0,1.272114344906545
149,Ulang,Upper Nile,2012,113498.0,0.10444236902852913,,,
150,Uror,Jonglei,2012,231427.0,0.11122729845696483,68.0,1.0,2.9382915563006913
151,Wau,Western Bahr el Ghazal,2012,196118.0,0.11101479721392223,52.0,18.0,2.651464934376243
152,Wulu,Lakes,2012,54182.0,0.111254660219261,,,
153,Yambio,Western Equatoria,2012,196781.0,0.11161646703695986,,,
154,Yei,Central Equatoria,2012,259387.99999999997,0.10866346939719637,,,
155,Yirol East,Lakes,2012,86254.0,0.11124121779859485,,,
156,Yirol West,Lakes,2012,136337.0,0.11127573586040473,,,
157,,TOTALS:,2012,10605828.0,0.11048698885178979,,,
158,Abiemnhom,Unity,2013,23203.0,0.06244882127311124,8.0,2.0,3.4478300219799167
159,Akobo,Jonglei,2013,184131.0,0.04101970879428233,90.0,2.0,4.887824429346498
160,Aweil Centre,Northern Bahr el Ghazal,2013,56193.0,0.011496093819514885,,,
161,Aweil East,Northern Bahr el Ghazal,2013,417754.0,0.04636700067503842,51.0,6.0,1.2208141633592975
162,Aweil North,Northern Bahr el Ghazal,2013,174104.0,0.05507627624867895,,,
163,Aweil South,Northern Bahr el Ghazal,2013,98279.0,0.014184108507412571,,,
164,Aweil West,Northern Bahr el Ghazal,2013,222849.0,0.026349680725513688,6.0,10.0,0.2692406068683279
165,Awerial,Lakes,2013,63785.0,0.04232970134044054,,,
166,Ayod,Jonglei,2013,188978.0,0.045968313771973454,2.0,5.0,0.1058324249383526
167,Baliet,Upper Nile,2013,65759.0,0.05497346370838973,1.0,1.0,0.15207043902735748
168,Bor South,Jonglei,2013,299291.0,0.04192909242175675,,,
169,Budi,Eastern Equatoria,2013,132341.0,0.04378839513076069,7.0,5.0,0.5289366107253233
170,Canal/Pigi,Jonglei,2013,134130.0,0.04381570118541724,,,
171,Cueibet,Lakes,2013,159384.0,0.041804698087637406,0.0,4.0,0.0
172,Duk,Jonglei,2013,88150.0,0.03609756097560975,30.0,3.0,3.4032898468519566
173,Ezo,Western Equatoria,2013,104202.0,0.04457687952246598,2.0,6.0,0.19193489568338418
174,Fangak,Jonglei,2013,149169.0,0.04736238762745611,4.0,6.0,0.26815223002098293
175,Fashoda,Upper Nile,2013,49354.0,0.046764193378449566,,,
176,Gogrial East,Warrap,2013,138677.0,0.026255255017054016,,,
177,Gogrial West,Warrap,2013,330746.0,0.047401933810235046,11.0,8.0,0.33258149758424893
178,Guit,Unity,2013,46612.0,0.0665493864240968,,,
179,Ibba,Western Equatoria,2013,56354.0,0.041132838840188805,,,
180,Ikotos,Eastern Equatoria,2013,115576.0,0.058281996262199764,,,
181,Juba,Central Equatoria,2013,502333.0,0.041960213643141106,2105.0,31.0,41.90447372559637
182,Jur River,Western Bahr el Ghazal,2013,172891.0,0.042257838753896965,,,
183,Kajo-keji,Central Equatoria,2013,266129.0,0.0468118844620466,,,
184,Kapoeta East,Eastern Equatoria,2013,246799.0,0.06616720489142987,,,
185,Kapoeta North,Eastern Equatoria,2013,138111.0,0.04193728233087879,,,
186,Kapoeta South,Eastern Equatoria,2013,107634.0,0.042161398814501,5.0,3.0,0.464537228013453
187,Koch,Unity,2013,102917.0,0.0846507379733183,8.0,3.0,0.7773254175694977
188,Lafon,Eastern Equatoria,2013,142325.0,0.04110310908132794,,,
189,Lainya,Central Equatoria,2013,120778.0,0.04329430856612959,,,
190,Leer,Unity,2013,71451.0,0.029502736140851773,0.0,2.0,0.0
191,Longochuk,Upper Nile,2013,87497.0,0.06312216418848646,,,
192,Luakpiny/Nasir,Upper Nile,2013,285009.0,0.04609678992593216,0.0,5.0,0.0
193,Maban,Upper Nile,2013,58492.0,-0.00796690145660945,0.0,2.0,0.0
194,Magwi,Eastern Equatoria,2013,227170.0,0.047334595237047146,1.0,16.0,0.044019896993441034
195,Maiwut,Upper Nile,2013,108610.0,0.07576650400515607,,,
196,Malakal,Upper Nile,2013,171238.0,0.042940235228161976,102.0,14.0,5.956621777876406
197,Manyo,Upper Nile,2013,49112.0,-0.025574197752076887,,,
198,Maridi,Western Equatoria,2013,111317.0,0.04513236971891086,,,
199,Mayendit,Unity,2013,69668.0,-0.029827180341046103,,,
200,Mayom,Unity,2013,163000.0,0.0439079754601227,8.0,3.0,0.49079754601226994
201,Melut,Upper Nile,2013,66491.0,0.0467130889894873,,,
202,Morobo,Central Equatoria,2013,136376.0,0.05168798028978706,,,
203,Mundri East,Western Equatoria,2013,65334.99999999999,0.04187648274278707,,,
204,Mundri West,Western Equatoria,2013,45521.0,0.04217833527382966,,,
205,Mvolo,Western Equatoria,2013,65062.0,0.041898496818419353,,,
206,Nagero,Western Equatoria,2013,13516.0,0.04172832198875407,,,
207,Nyirol,Jonglei,2013,147274.0,0.048032918234039955,3.0,2.0,0.20370194331653924
208,Nzara,Western Equatoria,2013,88683.0,0.043875376340448566,,,
209,Panyijiar,Unity,2013,68468.0,0.04264766022083309,,,
210,Panyikang,Upper Nile,2013,59991.0,0.019852977946692003,,,
211,Pariang,Unity,2013,111231.0,0.03730075248806538,53.0,2.0,4.764858717443878
212,Pibor,Jonglei,2013,201034.0,0.04327626172687207,811.0,3.0,40.34143478217615
213,Pochalla,Jonglei,2013,89708.0,0.09986846212154991,0.0,1.0,0.0
214,Raga,Western Bahr el Ghazal,2013,64334.99999999999,0.033745239760627856,,,
215,Renk,Upper Nile,2013,183601.0,0.0339867429915959,22.0,7.0,1.1982505541908812
216,Rubkona,Unity,2013,135220.0,0.047470788344919496,358.0,8.0,26.47537346546369
217,Rumbek Centre,Lakes,2013,207053.0,0.042259711281652526,129.0,6.0,6.230288863237915
218,Rumbek East,Lakes,2013,162798.0,0.04095259155517881,0.0,6.0,0.0
219,Rumbek North,Lakes,2013,58599.0,0.03928394682503114,,,
220,Tambura,Western Equatoria,2013,72162.0,0.04326376763393476,1.0,5.0,0.13857709043540922
221,Terekeka,Central Equatoria,2013,189872.0,0.041801845453779386,,,
222,Tonj East,Warrap,2013,157054.0,0.04146344569383779,,,
223,Tonj North,Warrap,2013,227069.0,0.06384843373600095,138.0,6.0,6.07744782422964
224,Tonj South,Warrap,2013,117813.0,0.04499503450383235,30.0,3.0,2.546408291105396
225,Torit,Eastern Equatoria,2013,135055.0,0.04290844470771178,16.0,8.0,1.1847025285994595
226,Twic,Warrap,2013,276077.0,0.040564769973594324,29.0,10.0,1.05043158249329
227,Twic East,Jonglei,2013,114868.0,0.04191767942333809,94.0,2.0,8.183306055646481
228,Ulang,Upper Nile,2013,115797.0,0.019853709508881923,27.0,2.0,2.331666623487655
229,Uror,Jonglei,2013,241622.0,0.04219400551274304,0.0,1.0,0.0
230,Wau,Western Bahr el Ghazal,2013,204779.0,0.042294375888152595,50.0,18.0,2.441656615180267
231,Wulu,Lakes,2013,56592.0,0.04258552445575346,,,
232,Yambio,Western Equatoria,2013,205937.0,0.04446019899289588,0.0,9.0,0.0
233,Yei,Central Equatoria,2013,271390.0,0.04422417922546899,,,
234,Yirol East,Lakes,2013,90005.0,0.041675462474306986,,,
235,Yirol West,Lakes,2013,142422.0,0.04272514077881226,8.0,5.0,0.5617109716195532
236,,TOTALS:,2013,11090312.0,0.04368533545314145,,,
237,Abiemnhom,Unity,2014,24080.0,0.0364202657807309,0.0,2.0,0.0
238,Akobo,Jonglei,2014,191996.0,0.04096439509156441,8.0,2.0,0.4166753474030709
239,Aweil Centre,Northern Bahr el Ghazal,2014,57442.0,0.021743671877720135,1.0,2.0,0.17408864593851187
240,Aweil East,Northern Bahr el Ghazal,2014,436824.0,0.04365602622566526,3.0,6.0,0.06867754518982473
241,Aweil North,Northern Bahr el Ghazal,2014,184654.0,0.05713388282950816,,,
242,Aweil South,Northern Bahr el Ghazal,2014,102639.0,0.04247897972505578,,,
243,Aweil West,Northern Bahr el Ghazal,2014,230777.0,0.03435351009849335,31.0,10.0,1.3432881093003202
244,Awerial,Lakes,2014,66441.0,0.039975316446170285,3.0,1.0,0.4515284237142728
245,Ayod,Jonglei,2014,196759.0,0.03954584034275433,312.0,5.0,15.856962070350022
246,Baliet,Upper Nile,2014,69782.0,0.05765097016422573,37.0,1.0,5.302226935312832
247,Bor South,Jonglei,2014,311976.0,0.040660178988127293,,,
248,Budi,Eastern Equatoria,2014,138097.0,0.0416808475202213,3.0,5.0,0.21723860764535075
249,Canal/Pigi,Jonglei,2014,138299.0,0.03014483112676158,,,
250,Cueibet,Lakes,2014,166065.0,0.040231234757474484,142.0,4.0,8.55086863577515
251,Duk,Jonglei,2014,92098.0,0.042867380399140044,76.0,3.0,8.252079306825339
252,Ezo,Western Equatoria,2014,109439.0,0.04785314193294895,1.0,6.0,0.09137510393918073
253,Fangak,Jonglei,2014,155636.0,0.04155208306561464,128.0,6.0,8.22431828111748
254,Fashoda,Upper Nile,2014,51465.0,0.04101816768677742,0.0,4.0,0.0
255,Gogrial East,Warrap,2014,140868.0,0.015553567879149275,,,
256,Gogrial West,Warrap,2014,343953.0,0.03839768805621698,8.0,8.0,0.2325899178085378
257,Guit,Unity,2014,48878.0,0.04636032570890789,43.0,1.0,8.79741396947502
258,Ibba,Western Equatoria,2014,58769.0,0.04109309329748677,,,
259,Ikotos,Eastern Equatoria,2014,120495.0,0.04082327067513175,,,
260,Juba,Central Equatoria,2014,638799.0,0.21362901319507388,104.0,31.0,1.6280551472372373
261,Jur River,Western Bahr el Ghazal,2014,180004.0,0.03951578853803249,206.0,5.0,11.444190129108241
262,Kajo-keji,Central Equatoria,2014,214827.0,-0.23880610910174233,,,
263,Kapoeta East,Eastern Equatoria,2014,257519.0,0.04162799638084957,,,
264,Kapoeta North,Eastern Equatoria,2014,143947.0,0.04054269974365565,,,
265,Kapoeta South,Eastern Equatoria,2014,112253.0,0.041148120762919474,23.0,3.0,2.0489430126589045
266,Koch,Unity,2014,106521.0,0.03383370415223289,0.0,3.0,0.0
267,Lafon,Eastern Equatoria,2014,148485.0,0.04148567195339597,,,
268,Lainya,Central Equatoria,2014,125702.0,0.03917200999188557,,,
269,Leer,Unity,2014,74599.0,0.042198957090577624,51.0,2.0,6.836552768803871
270,Longochuk,Upper Nile,2014,90756.0,0.035909471550090354,70.0,4.0,7.7129886729252055
271,Luakpiny/Nasir,Upper Nile,2014,296148.0,0.03761295028161595,156.0,5.0,5.267636452044248
272,Maban,Upper Nile,2014,61988.0,0.056398012518551977,62.0,2.0,10.001935858553269
273,Magwi,Eastern Equatoria,2014,237224.0,0.0423818837891613,0.0,16.0,0.0
274,Maiwut,Upper Nile,2014,113831.0,0.04586624030360798,3.0,3.0,0.2635485939682512
275,Malakal,Upper Nile,2014,178423.0,0.040269471985114026,207.0,14.0,11.60164328589924
276,Manyo,Upper Nile,2014,46429.0,-0.05778715888776411,35.0,4.0,7.538391953305046
277,Maridi,Western Equatoria,2014,116108.0,0.041263306576635544,13.0,6.0,1.1196472249974163
278,Mayendit,Unity,2014,72832.0,0.04344244288224956,5.0,3.0,0.686511423550088
279,Mayom,Unity,2014,174058.0,0.06353054728883475,270.0,3.0,15.512070689080652
280,Melut,Upper Nile,2014,69026.0,0.036725291918987046,91.0,2.0,13.183438124764582
281,Morobo,Central Equatoria,2014,102475.0,-0.3308221517443279,,,
282,Mundri East,Western Equatoria,2014,68207.0,0.04210711510548781,,,
283,Mundri West,Western Equatoria,2014,47546.0,0.04259033357169899,17.0,2.0,3.5754847936734953
284,Mvolo,Western Equatoria,2014,68226.0,0.04637528215049981,3.0,2.0,0.4397150646381145
285,Nagero,Western Equatoria,2014,14094.0,0.04101035901802185,,,
286,Nyirol,Jonglei,2014,153751.0,0.04212655527443724,,,
287,Nzara,Western Equatoria,2014,92390.0,0.04012338997727027,0.0,7.0,0.0
288,Panyijiar,Unity,2014,71485.0,0.04220465831992726,,,
289,Panyikang,Upper Nile,2014,63036.0,0.048305730059013896,440.0,4.0,69.80138333650612
290,Pariang,Unity,2014,115859.0,0.0399451056888114,214.0,2.0,18.47072734962325
291,Pibor,Jonglei,2014,209590.0,0.04082255832816451,,,
292,Pochalla,Jonglei,2014,93504.0,0.040597193702943186,40.0,1.0,4.277891854893908
293,Raga,Western Bahr el Ghazal,2014,65685.0,0.020552637588490633,,,
294,Renk,Upper Nile,2014,192920.0,0.04830499688990255,195.0,7.0,10.107816711590297
295,Rubkona,Unity,2014,141431.0,0.043915407513204316,1401.0,8.0,99.05890504910522
296,Rumbek Centre,Lakes,2014,215962.0,0.04125262777710893,88.0,6.0,4.074790935442346
297,Rumbek East,Lakes,2014,169575.0,0.03996461742591773,264.0,6.0,15.568332596196372
298,Rumbek North,Lakes,2014,61048.0,0.04011597431529289,,,
299,Tambura,Western Equatoria,2014,75749.0,0.04735376044568245,2.0,5.0,0.2640298881833424
300,Terekeka,Central Equatoria,2014,187686.0,-0.011647112730837676,20.0,6.0,1.065609581961361
301,Tonj East,Warrap,2014,164127.0,0.04309467668330013,3.0,2.0,0.18278528212908296
302,Tonj North,Warrap,2014,236110.0,0.038291474312820296,23.0,6.0,0.9741222311634408
303,Tonj South,Warrap,2014,122969.0,0.04192926672576015,238.0,3.0,19.35447145215461
304,Torit,Eastern Equatoria,2014,140637.0,0.039690835270945767,60.0,8.0,4.266302608844045
305,Twic,Warrap,2014,285835.0,0.034138576451449264,114.0,10.0,3.988314936939143
306,Twic East,Jonglei,2014,119829.0,0.04140066261088718,28.0,2.0,2.3366630782197966
307,Ulang,Upper Nile,2014,120848.0,0.04179630610353502,0.0,2.0,0.0
308,Uror,Jonglei,2014,251560.0,0.039505485768802674,183.0,1.0,7.27460645571633
309,Wau,Western Bahr el Ghazal,2014,213758.0,0.04200544541023026,6.0,18.0,0.2806912489824942
310,Wulu,Lakes,2014,59030.0,0.04130103337286126,,,
311,Yambio,Western Equatoria,2014,214662.0,0.04064529353122583,2.0,9.0,0.09316972729220821
312,Yei,Central Equatoria,2014,278004.0,0.02379102458957425,9.0,10.0,0.3237363491172789
313,Yirol East,Lakes,2014,93900.0,0.041480298189563364,,,
314,Yirol West,Lakes,2014,147946.0,0.037337947629540506,7.0,5.0,0.47314560718099846
315,,TOTALS:,2014,11556345.0,0.040327023812459735,,,
316,Abiemnhom,Unity,2015,31683.0,0.23997096234573745,,,
317,Akobo,Jonglei,2015,188273.0,-0.01977447642519108,56.0,2.0,2.9744041896607585
318,Aweil Centre,Northern Bahr el Ghazal,2015,87394.0,0.3427237567796416,,,
319,Aweil East,Northern Bahr el Ghazal,2015,431148.0,-0.013164852904339113,4.0,6.0,0.09277556662677318
320,Aweil North,Northern Bahr el Ghazal,2015,206227.0,0.10460802901656913,,,
321,Aweil South,Northern Bahr el Ghazal,2015,100235.0,-0.023983638449643338,,,
322,Aweil West,Northern Bahr el Ghazal,2015,234997.0,0.017957676055439006,36.0,10.0,1.5319344502270242
323,Awerial,Lakes,2015,70333.0,0.055336755150498344,0.0,1.0,0.0
324,Ayod,Jonglei,2015,205460.0,0.04234887569356566,283.0,5.0,13.773970602550376
325,Baliet,Upper Nile,2015,102762.0,0.32093575446176603,5.0,1.0,0.4865611802027987
326,Bor South,Jonglei,2015,325643.0,0.041969273099682784,,,
327,Budi,Eastern Equatoria,2015,141506.0,0.024090851271324185,2.0,5.0,0.14133676310545135
328,Canal/Pigi,Jonglei,2015,142551.0,0.02982792123520705,,,
329,Cueibet,Lakes,2015,171516.0,0.03178129154131393,38.0,4.0,2.2155367429277737
330,Duk,Jonglei,2015,95443.0,0.03504709617258468,9.0,3.0,0.9429711974686463
331,Ezo,Western Equatoria,2015,113365.0,0.03463150002205266,4.0,6.0,0.3528425881003837
332,Fangak,Jonglei,2015,159893.0,0.026624054836672024,0.0,6.0,0.0
333,Fashoda,Upper Nile,2015,47524.0,-0.08292652133658783,24.0,4.0,5.050079959599361
334,Gogrial East,Warrap,2015,144706.0,0.026522742664436858,21.0,2.0,1.4512183323428194
335,Gogrial West,Warrap,2015,311870.0,-0.10287299195177478,39.0,8.0,1.2505210504376822
336,Guit,Unity,2015,38436.0,-0.27167239046727026,95.0,1.0,24.716411697367054
337,Ibba,Western Equatoria,2015,59867.0,0.018340655118846777,,,
338,Ikotos,Eastern Equatoria,2015,107072.0,-0.12536424088463838,3.0,4.0,0.2801852958756725
339,Juba,Central Equatoria,2015,528544.0,-0.20860136526003512,165.0,31.0,3.1217836168795787
340,Jur River,Western Bahr el Ghazal,2015,142329.0,-0.2647036092433728,11.0,5.0,0.7728572532653218
341,Kajo-keji,Central Equatoria,2015,272878.0,0.21273609451842948,,,
342,Kapoeta East,Eastern Equatoria,2015,240403.0,-0.07119711484465668,0.0,6.0,0.0
343,Kapoeta North,Eastern Equatoria,2015,146527.0,0.017607676400936346,7.0,1.0,0.4777276542889707
344,Kapoeta South,Eastern Equatoria,2015,109765.0,-0.022666605930852277,,,
345,Koch,Unity,2015,115691.0,0.07926286400843627,125.0,3.0,10.80464340354911
346,Lafon,Eastern Equatoria,2015,86583.0,-0.7149440421329822,,,
347,Lainya,Central Equatoria,2015,132662.0,0.05246415703064932,35.0,7.0,2.6382837587251813
348,Leer,Unity,2015,79520.0,0.06188380281690141,492.0,2.0,61.87122736418511
349,Longochuk,Upper Nile,2015,162036.0,0.4399022439457898,0.0,4.0,0.0
350,Luakpiny/Nasir,Upper Nile,2015,283397.0,-0.044993419125819965,29.0,5.0,1.0232994703543086
351,Maban,Upper Nile,2015,63719.0,0.027166151383417818,38.0,2.0,5.963684301385772
352,Magwi,Eastern Equatoria,2015,245674.0,0.03439517409249656,20.0,16.0,0.8140869607691493
353,Maiwut,Upper Nile,2015,120843.0,0.0580257027713645,,,
354,Malakal,Upper Nile,2015,182700.0,0.023409961685823755,203.0,14.0,11.11111111111111
355,Manyo,Upper Nile,2015,52618.0,0.1176213463073473,88.0,4.0,16.724314873237297
356,Maridi,Western Equatoria,2015,116347.0,0.002054199936397157,53.0,6.0,4.555338771089929
357,Mayendit,Unity,2015,91282.0,0.20212090006792138,133.0,3.0,14.570232904625227
358,Mayom,Unity,2015,185773.0,0.063060832306094,81.0,3.0,4.360159980190878
359,Melut,Upper Nile,2015,73620.0,0.062401521325726704,62.0,2.0,8.421624558543874
360,Morobo,Central Equatoria,2015,136413.0,0.24878860519158733,6.0,3.0,0.4398407776384949
361,Mundri East,Western Equatoria,2015,85452.0,0.20180920282731826,14.0,5.0,1.6383466741562513
362,Mundri West,Western Equatoria,2015,61436.0,0.2260889380819064,90.0,2.0,14.64939123640862
363,Mvolo,Western Equatoria,2015,73196.0,0.06789988523963059,,,
364,Nagero,Western Equatoria,2015,15405.0,0.08510223953261928,,,
365,Nyirol,Jonglei,2015,168797.0,0.08913665527230934,28.0,2.0,1.6587972535056903
366,Nzara,Western Equatoria,2015,99151.0,0.06818892396445825,13.0,7.0,1.3111315064901008
367,Panyijiar,Unity,2015,74465.0,0.04001880077888941,,,
368,Panyikang,Upper Nile,2015,33193.0,-0.8990751061970897,24.0,4.0,7.230440153044317
369,Pariang,Unity,2015,117272.0,0.012048911931236783,139.0,2.0,11.852786683948429
370,Pibor,Jonglei,2015,219406.0,0.04473897705623365,5.0,3.0,0.22788802494006546
371,Pochalla,Jonglei,2015,94153.0,0.006893035803426338,13.0,1.0,1.3807313627818552
372,Raga,Western Bahr el Ghazal,2015,70514.0,0.06848285446861616,,,
373,Renk,Upper Nile,2015,204853.0,0.058251526704514944,35.0,7.0,1.7085422229598786
374,Rubkona,Unity,2015,158885.0,0.10985303836107876,116.0,8.0,7.300877993517324
375,Rumbek Centre,Lakes,2015,330992.0,0.3475310581524629,317.0,6.0,9.577270749746218
376,Rumbek East,Lakes,2015,105757.0,-0.6034399614209934,72.0,6.0,6.808059986572992
377,Rumbek North,Lakes,2015,56847.0,-0.0739001178602213,,,
378,Tambura,Western Equatoria,2015,78384.0,0.03361655439885691,0.0,5.0,0.0
379,Terekeka,Central Equatoria,2015,195018.0,0.037596529551118356,11.0,6.0,0.5640504979027577
380,Tonj East,Warrap,2015,179737.0,0.08684911843415657,90.0,2.0,5.007316245403006
381,Tonj North,Warrap,2015,247388.0,0.04558830662764564,65.0,6.0,2.627451614467961
382,Tonj South,Warrap,2015,121827.0,-0.009373948303742191,6.0,3.0,0.4925016621931099
383,Torit,Eastern Equatoria,2015,152296.0,0.07655486683826233,41.0,8.0,2.692125860167043
384,Twic,Warrap,2015,298720.0,0.043134038564542045,5.0,10.0,0.16738082485270486
385,Twic East,Jonglei,2015,117806.0,-0.017172300222399538,53.0,2.0,4.498921956436853
386,Ulang,Upper Nile,2015,120030.0,-0.006814962925935183,0.0,2.0,0.0
387,Uror,Jonglei,2015,264325.0,0.04829282133736877,0.0,1.0,0.0
388,Wau,Western Bahr el Ghazal,2015,249343.0,0.14271505516497354,80.0,18.0,3.208431758661763
389,Wulu,Lakes,2015,68055.0,0.13261332745573434,1.0,2.0,0.14693997502020426
390,Yambio,Western Equatoria,2015,209825.0,-0.02305254378648874,40.0,9.0,1.9063505302037411
391,Yei,Central Equatoria,2015,294972.0,0.05752410398275091,4.0,10.0,0.13560609142562682
392,Yirol East,Lakes,2015,117978.0,0.20408889793012255,0.0,3.0,0.0
393,Yirol West,Lakes,2015,100953.0,-0.46549384366982655,35.0,5.0,3.466959872415877
394,,TOTALS:,2015,11873659.0,0.026724196812456885,,,
395,,,2013,,,6.0,,
396,,,2013,,,128.0,,
397,,,2013,,,14.0,,
398,,,2013,,,1.0,,
399,,,2011,,,52.0,,
400,,,2011,,,2.0,,
401,,,2012,,,72.0,,
402,,,2012,,,15.0,,
403,,,2014,,,517.0,,
404,,,2014,,,68.0,,
405,,,2014,,,90.0,,
406,,,2014,,,231.0,,
407,,,2015,,,37.0,,
408,,,2015,,,15.0,,
409,,,2015,,,3.0,,
410,,,2015,,,32.0,,
411,,,2015,,,7.0,,
412,Kajo-Keji,Central Equatoria,2013,,,1.0,13.0,
413,Kajo-Keji,Central Equatoria,2014,,,2.0,13.0,
414,Kajo-Keji,Central Equatoria,2015,,,11.0,13.0,
415,Raja,Western Bahr el Ghazal,2011,,,40.0,3.0,
416,Raja,Western Bahr el Ghazal,2012,,,3.0,3.0,
417,Raja,Western Bahr el Ghazal,2013,,,33.0,3.0,
418,Raja,Western Bahr el Ghazal,2014,,,37.0,3.0,
419,Raja,Western Bahr el Ghazal,2015,,,31.0,3.0,
